-- MySQL dump 10.13  Distrib 5.7.25, for Linux (x86_64)
--
-- Host: localhost    Database: pedometer
-- ------------------------------------------------------
-- Server version	5.7.25-0ubuntu0.16.04.2

/*!40101 SET @OLD_CHARACTER_SET_CLIENT=@@CHARACTER_SET_CLIENT */;
/*!40101 SET @OLD_CHARACTER_SET_RESULTS=@@CHARACTER_SET_RESULTS */;
/*!40101 SET @OLD_COLLATION_CONNECTION=@@COLLATION_CONNECTION */;
/*!40101 SET NAMES utf8 */;
/*!40103 SET @OLD_TIME_ZONE=@@TIME_ZONE */;
/*!40103 SET TIME_ZONE='+00:00' */;
/*!40014 SET @OLD_UNIQUE_CHECKS=@@UNIQUE_CHECKS, UNIQUE_CHECKS=0 */;
/*!40014 SET @OLD_FOREIGN_KEY_CHECKS=@@FOREIGN_KEY_CHECKS, FOREIGN_KEY_CHECKS=0 */;
/*!40101 SET @OLD_SQL_MODE=@@SQL_MODE, SQL_MODE='NO_AUTO_VALUE_ON_ZERO' */;
/*!40111 SET @OLD_SQL_NOTES=@@SQL_NOTES, SQL_NOTES=0 */;

--
-- Table structure for table `data`
--

DROP TABLE IF EXISTS `data`;
/*!40101 SET @saved_cs_client     = @@character_set_client */;
/*!40101 SET character_set_client = utf8 */;
CREATE TABLE `data` (
  `time` timestamp NULL DEFAULT CURRENT_TIMESTAMP,
  `id` int(11) NOT NULL,
  `thisSessionSteps` int(11) DEFAULT '0',
  `totalSteps` int(11) DEFAULT NULL,
  KEY `id` (`id`),
  CONSTRAINT `data_ibfk_1` FOREIGN KEY (`id`) REFERENCES `users` (`id`)
) ENGINE=InnoDB DEFAULT CHARSET=latin1;
/*!40101 SET character_set_client = @saved_cs_client */;

--
-- Dumping data for table `data`
--

LOCK TABLES `data` WRITE;
/*!40000 ALTER TABLE `data` DISABLE KEYS */;
INSERT INTO `data` VALUES ('2019-02-16 19:10:59',1,31,31),('2019-02-16 19:11:59',1,3,34),('2019-02-16 19:13:00',1,25,59),('2019-02-16 19:14:00',1,30,89),('2019-02-16 19:15:00',1,0,89),('2019-02-16 19:16:00',1,46,135),('2019-02-16 19:17:00',1,53,188),('2019-02-16 19:18:00',1,69,257),('2019-02-16 19:19:00',1,3,260),('2019-02-16 19:20:00',1,65,325),('2019-02-16 19:21:00',1,19,344),('2019-02-16 19:22:00',1,47,391),('2019-02-16 19:23:00',1,48,439),('2019-02-16 19:24:00',1,33,472),('2019-02-16 19:25:00',1,40,512),('2019-02-16 19:26:00',1,62,574),('2019-02-16 19:27:00',1,61,635),('2019-02-16 19:28:00',1,36,671),('2019-02-16 19:29:00',1,23,694),('2019-02-16 19:30:00',1,67,761),('2019-02-16 19:31:00',1,12,773),('2019-02-16 19:32:00',1,11,784),('2019-02-16 19:33:00',1,12,796),('2019-02-16 19:34:00',1,35,831),('2019-02-16 19:35:00',1,14,845),('2019-02-16 19:36:00',1,5,850),('2019-02-16 19:37:00',1,7,857),('2019-02-16 19:38:01',1,20,877),('2019-02-16 19:39:01',1,46,923),('2019-02-16 19:40:01',1,48,971),('2019-02-16 19:41:01',1,48,1019),('2019-02-16 19:42:01',1,52,1071),('2019-02-16 19:43:01',1,49,1120),('2019-02-16 19:44:01',1,42,1162),('2019-02-16 19:45:01',1,16,1178),('2019-02-16 19:46:01',1,16,1194),('2019-02-16 19:47:01',1,40,1234),('2019-02-16 19:48:01',1,40,1274),('2019-02-16 19:49:01',1,42,1316),('2019-02-16 19:50:01',1,32,1348),('2019-02-16 19:51:01',1,58,1406),('2019-02-16 19:52:01',1,51,1457),('2019-02-16 19:53:01',1,45,1502),('2019-02-16 19:54:01',1,20,1522),('2019-02-16 19:55:01',1,67,1589),('2019-02-16 19:56:01',1,46,1635),('2019-02-16 19:57:01',1,19,1654),('2019-02-16 19:58:01',1,47,1701),('2019-02-16 19:59:01',1,19,1720),('2019-02-16 20:00:01',1,40,1760),('2019-02-16 20:01:01',1,41,1801),('2019-02-16 20:02:01',1,64,1865),('2019-02-16 20:03:01',1,50,1915),('2019-02-16 20:04:01',1,2,1917),('2019-02-16 20:05:01',1,61,1978),('2019-02-16 20:06:02',1,45,2023),('2019-02-16 20:07:02',1,40,2063),('2019-02-16 20:08:02',1,36,2099),('2019-02-16 20:09:02',1,27,2126),('2019-02-16 20:10:02',1,59,2185),('2019-02-16 20:11:02',1,22,2207),('2019-02-16 20:12:02',1,32,2239),('2019-02-16 20:13:02',1,45,2284),('2019-02-16 20:14:02',1,59,2343),('2019-02-16 20:15:02',1,12,2355),('2019-02-16 20:16:02',1,63,2418),('2019-02-16 20:17:02',1,27,2445),('2019-02-16 20:18:02',1,15,2460),('2019-02-16 20:19:02',1,64,2524),('2019-02-16 20:20:02',1,1,2525),('2019-02-16 20:21:02',1,53,2578),('2019-02-16 20:22:02',1,42,2620),('2019-02-16 20:23:02',1,17,2637),('2019-02-16 20:24:02',1,56,2693),('2019-02-16 20:25:02',1,13,2706),('2019-02-16 20:26:02',1,12,2718),('2019-02-16 20:27:02',1,40,2758),('2019-02-16 20:28:02',1,41,2799),('2019-02-16 20:29:02',1,67,2866),('2019-02-16 20:30:02',1,33,2899),('2019-02-16 20:31:02',1,9,2908),('2019-02-16 20:32:02',1,10,2918),('2019-02-16 20:33:02',1,63,2981),('2019-02-16 20:34:03',1,58,3039),('2019-02-16 20:35:03',1,51,3090),('2019-02-16 20:36:03',1,21,3111),('2019-02-16 20:37:03',1,63,3174),('2019-02-16 20:38:03',1,9,3183),('2019-02-16 20:39:03',1,10,3193),('2019-02-16 20:40:03',1,31,3224),('2019-02-16 20:41:03',1,16,3240),('2019-02-16 20:42:03',1,27,3267),('2019-02-16 20:43:03',1,35,3302),('2019-02-16 20:44:03',1,48,3350),('2019-02-16 20:45:03',1,15,3365),('2019-02-16 20:46:03',1,68,3433),('2019-02-16 20:47:03',1,66,3499),('2019-02-16 20:48:03',1,66,3565),('2019-02-16 20:49:03',1,0,3565),('2019-02-16 20:50:03',1,42,3607),('2019-02-16 20:51:03',1,33,3640),('2019-02-16 20:52:03',1,13,3653),('2019-02-16 20:53:03',1,6,3659),('2019-02-16 20:54:03',1,22,3681),('2019-02-16 20:55:03',1,33,3714),('2019-02-16 20:56:03',1,41,3755),('2019-02-16 20:57:03',1,51,3806),('2019-02-16 20:58:03',1,45,3851),('2019-02-16 20:59:03',1,39,3890),('2019-02-16 21:00:04',1,25,3915),('2019-02-16 21:01:04',1,65,3980),('2019-02-16 21:02:04',1,9,3989),('2019-02-16 21:03:04',1,13,4002),('2019-02-16 21:04:04',1,46,4048),('2019-02-16 21:05:04',1,63,4111),('2019-02-16 21:06:04',1,36,4147),('2019-02-16 21:07:04',1,52,4199),('2019-02-16 21:08:04',1,45,4244),('2019-02-16 21:09:04',1,21,4265),('2019-02-16 21:10:04',1,5,4270),('2019-02-16 21:11:04',1,56,4326),('2019-02-16 21:12:04',1,66,4392),('2019-02-16 21:13:04',1,17,4409),('2019-02-16 21:14:04',1,66,4475),('2019-02-16 21:15:04',1,51,4526),('2019-02-16 21:16:04',1,41,4567),('2019-02-16 21:17:04',1,10,4577),('2019-02-16 21:18:04',1,32,4609),('2019-02-16 21:19:04',1,38,4647),('2019-02-16 21:20:04',1,37,4684),('2019-02-16 21:21:04',1,59,4743),('2019-02-16 21:22:04',1,68,4811),('2019-02-16 21:23:04',1,10,4821),('2019-02-16 21:24:04',1,29,4850),('2019-02-16 21:25:05',1,68,4918),('2019-02-16 21:26:05',1,12,4930),('2019-02-16 21:27:05',1,67,4997),('2019-02-16 21:28:05',1,65,5062),('2019-02-16 21:29:05',1,54,5116),('2019-02-16 21:30:05',1,38,5154),('2019-02-16 21:31:05',1,48,5202),('2019-02-16 21:32:05',1,9,5211),('2019-02-16 21:33:05',1,50,5261),('2019-02-16 21:34:05',1,44,5305),('2019-02-16 21:35:05',1,63,5368),('2019-02-16 21:36:05',1,3,5371),('2019-02-16 21:37:05',1,33,5404),('2019-02-16 21:38:05',1,42,5446),('2019-02-16 21:39:05',1,48,5494),('2019-02-16 21:40:05',1,48,5542),('2019-02-16 22:59:40',1,0,5542),('2019-02-16 23:00:40',1,0,5542),('2019-02-16 23:01:40',1,0,5542),('2019-02-16 23:02:40',1,0,5542),('2019-02-16 23:03:40',1,0,5542),('2019-02-16 23:04:40',1,0,5542),('2019-02-16 23:05:40',1,0,5542),('2019-02-16 23:06:40',1,0,5542),('2019-02-16 23:07:40',1,0,5542),('2019-02-16 23:08:40',1,0,5542),('2019-02-16 23:09:40',1,0,5542),('2019-02-16 23:10:40',1,0,5542),('2019-02-16 23:11:40',1,0,5542),('2019-02-16 23:12:40',1,0,5542),('2019-02-16 23:13:40',1,0,5542),('2019-02-16 23:14:40',1,0,5542),('2019-02-16 23:15:40',1,0,5542),('2019-02-16 23:16:40',1,0,5542),('2019-02-16 23:17:40',1,0,5542),('2019-02-16 23:18:40',1,0,5542),('2019-02-16 23:19:40',1,0,5542),('2019-02-16 23:20:40',1,0,5542),('2019-02-16 23:21:40',1,0,5542),('2019-02-16 23:22:41',1,0,5542),('2019-02-16 23:23:41',1,0,5542),('2019-02-16 23:24:41',1,0,5542),('2019-02-16 23:25:41',1,0,5542),('2019-02-16 23:26:41',1,0,5542),('2019-02-16 23:27:41',1,0,5542),('2019-02-16 23:28:41',1,0,5542),('2019-02-16 23:29:41',1,0,5542),('2019-02-16 23:30:41',1,0,5542),('2019-02-16 23:31:41',1,0,5542),('2019-02-16 23:32:41',1,0,5542),('2019-02-16 23:33:41',1,0,5542),('2019-02-16 23:34:41',1,0,5542),('2019-02-16 23:35:41',1,0,5542),('2019-02-16 23:36:41',1,0,5542),('2019-02-16 23:37:41',1,0,5542),('2019-02-16 23:38:41',1,0,5542),('2019-02-16 23:39:41',1,0,5542),('2019-02-16 23:40:41',1,0,5542),('2019-02-16 23:41:41',1,0,5542),('2019-02-16 23:42:41',1,0,5542),('2019-02-16 23:43:41',1,0,5542),('2019-02-16 23:44:41',1,0,5542),('2019-02-16 23:45:41',1,0,5542),('2019-02-16 23:46:41',1,0,5542),('2019-02-16 23:47:41',1,0,5542),('2019-02-16 23:48:41',1,0,5542),('2019-02-16 23:49:41',1,0,5542),('2019-02-16 23:50:41',1,0,5542),('2019-02-16 23:51:41',1,0,5542),('2019-02-16 23:52:42',1,0,5542),('2019-02-16 23:53:42',1,0,5542),('2019-02-16 23:54:42',1,0,5542),('2019-02-16 23:55:42',1,0,5542),('2019-02-16 23:56:42',1,0,5542),('2019-02-16 23:57:42',1,0,5542),('2019-02-16 23:58:42',1,0,5542),('2019-02-16 23:59:42',1,0,5542),('2019-02-17 00:00:42',1,0,5542),('2019-02-17 00:01:42',1,0,5542),('2019-02-17 00:02:42',1,0,5542),('2019-02-17 00:03:42',1,0,5542),('2019-02-17 00:04:42',1,0,5542),('2019-02-17 00:05:42',1,0,5542),('2019-02-17 00:06:42',1,0,5542),('2019-02-17 00:07:42',1,0,5542),('2019-02-17 00:08:42',1,0,5542),('2019-02-17 00:09:42',1,0,5542),('2019-02-17 00:10:42',1,0,5542),('2019-02-17 00:11:42',1,0,5542),('2019-02-17 00:12:42',1,0,5542),('2019-02-17 00:13:42',1,0,5542),('2019-02-17 00:14:42',1,0,5542),('2019-02-17 00:15:42',1,0,5542),('2019-02-17 00:16:42',1,0,5542),('2019-02-17 00:17:42',1,0,5542),('2019-02-17 00:18:42',1,0,5542),('2019-02-17 00:19:42',1,0,5542),('2019-02-17 00:20:43',1,0,5542),('2019-02-17 00:21:43',1,0,5542),('2019-02-17 00:22:43',1,0,5542),('2019-02-17 00:23:43',1,0,5542),('2019-02-17 00:24:43',1,0,5542),('2019-02-17 00:25:43',1,0,5542),('2019-02-17 00:26:43',1,0,5542),('2019-02-17 00:27:43',1,0,5542),('2019-02-17 00:28:43',1,0,5542),('2019-02-17 00:29:43',1,0,5542),('2019-02-17 00:30:43',1,0,5542),('2019-02-17 00:31:43',1,0,5542),('2019-02-17 00:32:43',1,0,5542),('2019-02-17 00:33:43',1,0,5542),('2019-02-17 00:34:43',1,0,5542),('2019-02-17 00:35:43',1,0,5542),('2019-02-17 00:36:43',1,0,5542),('2019-02-17 00:37:43',1,0,5542),('2019-02-17 00:38:43',1,0,5542),('2019-02-17 00:39:43',1,0,5542),('2019-02-17 00:40:43',1,0,5542),('2019-02-17 00:41:43',1,0,5542),('2019-02-17 00:42:43',1,0,5542),('2019-02-17 00:43:43',1,0,5542),('2019-02-17 00:44:44',1,0,5542),('2019-02-17 00:45:44',1,0,5542),('2019-02-17 00:46:44',1,0,5542),('2019-02-17 00:47:44',1,0,5542),('2019-02-17 00:48:44',1,0,5542),('2019-02-17 00:49:44',1,0,5542),('2019-02-17 00:50:44',1,0,5542),('2019-02-17 00:51:44',1,0,5542),('2019-02-17 00:52:44',1,0,5542),('2019-02-17 00:53:44',1,0,5542),('2019-02-17 00:54:44',1,0,5542),('2019-02-17 00:55:44',1,0,5542),('2019-02-17 00:56:44',1,0,5542),('2019-02-17 00:57:44',1,0,5542),('2019-02-17 00:58:44',1,0,5542),('2019-02-17 00:59:44',1,0,5542),('2019-02-17 01:00:44',1,0,5542),('2019-02-17 01:01:44',1,0,5542),('2019-02-17 01:02:44',1,0,5542),('2019-02-17 01:03:44',1,0,5542),('2019-02-17 01:04:44',1,0,5542),('2019-02-17 01:05:44',1,0,5542),('2019-02-17 01:06:44',1,0,5542),('2019-02-17 01:07:44',1,0,5542),('2019-02-17 01:08:44',1,0,5542),('2019-02-17 01:09:44',1,0,5542),('2019-02-17 01:10:44',1,0,5542),('2019-02-17 01:11:44',1,0,5542),('2019-02-17 01:12:44',1,0,5542),('2019-02-17 01:13:45',1,0,5542),('2019-02-17 01:14:45',1,0,5542),('2019-02-17 01:15:45',1,0,5542),('2019-02-17 01:16:45',1,0,5542),('2019-02-17 01:17:45',1,0,5542),('2019-02-17 01:18:45',1,0,5542),('2019-02-17 01:19:45',1,0,5542),('2019-02-17 01:20:45',1,0,5542),('2019-02-17 01:21:45',1,0,5542),('2019-02-17 01:22:45',1,0,5542),('2019-02-17 01:23:45',1,0,5542),('2019-02-17 01:24:45',1,0,5542),('2019-02-17 01:25:45',1,0,5542),('2019-02-17 01:26:45',1,0,5542),('2019-02-17 01:27:45',1,0,5542),('2019-02-17 01:28:45',1,0,5542),('2019-02-17 01:29:45',1,0,5542),('2019-02-17 01:30:45',1,0,5542),('2019-02-17 01:31:45',1,0,5542),('2019-02-17 01:32:45',1,0,5542),('2019-02-17 01:33:45',1,0,5542),('2019-02-17 01:34:45',1,0,5542),('2019-02-17 01:35:45',1,0,5542),('2019-02-17 01:36:45',1,0,5542),('2019-02-17 01:37:45',1,0,5542),('2019-02-17 01:38:46',1,0,5542),('2019-02-17 01:39:46',1,0,5542),('2019-02-17 01:40:46',1,0,5542),('2019-02-17 01:41:46',1,0,5542),('2019-02-17 01:42:46',1,0,5542),('2019-02-17 01:43:46',1,0,5542),('2019-02-17 01:44:46',1,0,5542),('2019-02-17 01:45:46',1,0,5542),('2019-02-17 01:46:46',1,0,5542),('2019-02-17 01:47:46',1,0,5542),('2019-02-17 01:48:46',1,0,5542),('2019-02-17 01:49:46',1,0,5542),('2019-02-17 01:50:46',1,0,5542),('2019-02-17 01:51:46',1,0,5542),('2019-02-17 01:52:46',1,0,5542),('2019-02-17 01:53:46',1,0,5542),('2019-02-17 01:54:46',1,0,5542),('2019-02-17 01:55:46',1,0,5542),('2019-02-17 01:56:46',1,0,5542),('2019-02-17 01:57:46',1,0,5542),('2019-02-17 01:58:46',1,0,5542),('2019-02-17 01:59:46',1,0,5542),('2019-02-17 02:00:46',1,0,5542),('2019-02-17 02:01:46',1,0,5542),('2019-02-17 02:02:46',1,0,5542),('2019-02-17 02:03:47',1,0,5542),('2019-02-17 02:04:47',1,0,5542),('2019-02-17 02:05:47',1,0,5542),('2019-02-17 02:06:47',1,0,5542),('2019-02-17 02:07:47',1,0,5542),('2019-02-17 02:08:47',1,0,5542),('2019-02-17 02:09:47',1,0,5542),('2019-02-17 02:10:47',1,0,5542),('2019-02-17 02:11:47',1,0,5542),('2019-02-17 02:12:47',1,0,5542),('2019-02-17 02:13:47',1,0,5542),('2019-02-17 02:14:47',1,0,5542),('2019-02-17 02:15:47',1,0,5542),('2019-02-17 02:16:47',1,0,5542),('2019-02-17 02:17:47',1,0,5542),('2019-02-17 02:18:47',1,0,5542),('2019-02-17 02:19:47',1,0,5542),('2019-02-17 02:20:47',1,0,5542),('2019-02-17 02:21:47',1,0,5542),('2019-02-17 02:22:47',1,0,5542),('2019-02-17 02:23:47',1,0,5542),('2019-02-17 02:24:47',1,0,5542),('2019-02-17 02:25:47',1,0,5542),('2019-02-17 02:26:47',1,0,5542),('2019-02-17 02:27:47',1,0,5542),('2019-02-17 02:28:48',1,0,5542),('2019-02-17 02:29:48',1,0,5542),('2019-02-17 02:30:48',1,0,5542),('2019-02-17 02:31:48',1,0,5542),('2019-02-17 02:32:48',1,0,5542),('2019-02-17 02:33:48',1,0,5542),('2019-02-17 02:34:48',1,0,5542),('2019-02-17 02:35:48',1,0,5542),('2019-02-17 02:36:48',1,0,5542),('2019-02-17 02:37:48',1,0,5542),('2019-02-17 02:38:48',1,0,5542),('2019-02-17 02:39:48',1,0,5542),('2019-02-17 02:40:48',1,0,5542),('2019-02-17 02:41:48',1,0,5542),('2019-02-17 02:42:48',1,0,5542),('2019-02-17 02:43:48',1,0,5542),('2019-02-17 02:44:48',1,0,5542),('2019-02-17 02:45:48',1,0,5542),('2019-02-17 02:46:48',1,0,5542),('2019-02-17 02:47:48',1,0,5542),('2019-02-17 02:48:48',1,0,5542),('2019-02-17 02:49:48',1,0,5542),('2019-02-17 02:50:48',1,0,5542),('2019-02-17 02:51:48',1,0,5542),('2019-02-17 02:52:48',1,0,5542),('2019-02-17 02:53:48',1,0,5542),('2019-02-17 02:54:48',1,0,5542),('2019-02-17 02:55:49',1,0,5542),('2019-02-17 02:56:49',1,0,5542),('2019-02-17 02:57:49',1,0,5542),('2019-02-17 02:58:49',1,0,5542),('2019-02-17 02:59:49',1,0,5542),('2019-02-17 03:00:49',1,0,5542),('2019-02-17 03:01:49',1,0,5542),('2019-02-17 03:02:49',1,0,5542),('2019-02-17 03:03:49',1,0,5542),('2019-02-17 03:04:49',1,0,5542),('2019-02-17 03:05:49',1,0,5542),('2019-02-17 03:06:49',1,0,5542),('2019-02-17 03:07:49',1,0,5542),('2019-02-17 03:08:49',1,0,5542),('2019-02-17 03:09:49',1,0,5542),('2019-02-17 03:10:49',1,0,5542),('2019-02-17 03:11:49',1,0,5542),('2019-02-17 03:12:49',1,0,5542),('2019-02-17 03:13:49',1,0,5542),('2019-02-17 03:14:49',1,0,5542),('2019-02-17 03:15:49',1,0,5542),('2019-02-17 03:16:49',1,0,5542),('2019-02-17 03:17:49',1,0,5542),('2019-02-17 03:18:49',1,0,5542),('2019-02-17 03:19:49',1,0,5542),('2019-02-17 03:20:49',1,0,5542),('2019-02-17 03:21:49',1,0,5542),('2019-02-17 03:22:50',1,0,5542),('2019-02-17 03:23:50',1,0,5542),('2019-02-17 03:24:50',1,0,5542),('2019-02-17 03:25:50',1,0,5542),('2019-02-17 03:26:50',1,0,5542),('2019-02-17 03:27:50',1,0,5542),('2019-02-17 03:28:50',1,0,5542),('2019-02-17 03:29:50',1,0,5542),('2019-02-17 03:30:50',1,0,5542),('2019-02-17 03:31:50',1,0,5542),('2019-02-17 03:32:50',1,0,5542),('2019-02-17 03:33:50',1,0,5542),('2019-02-17 03:34:50',1,0,5542),('2019-02-17 03:35:50',1,0,5542),('2019-02-17 03:36:50',1,0,5542),('2019-02-17 03:37:50',1,0,5542),('2019-02-17 03:38:50',1,0,5542),('2019-02-17 03:39:50',1,0,5542),('2019-02-17 03:40:50',1,0,5542),('2019-02-17 03:41:50',1,0,5542),('2019-02-17 03:42:50',1,0,5542),('2019-02-17 03:43:50',1,0,5542),('2019-02-17 03:44:50',1,0,5542),('2019-02-17 03:45:50',1,0,5542),('2019-02-17 03:46:50',1,0,5542),('2019-02-17 03:47:50',1,0,5542),('2019-02-17 03:48:51',1,0,5542),('2019-02-17 03:49:51',1,0,5542),('2019-02-17 03:50:51',1,0,5542),('2019-02-17 03:51:51',1,0,5542),('2019-02-17 03:52:51',1,0,5542),('2019-02-17 03:53:51',1,0,5542),('2019-02-17 03:54:51',1,0,5542),('2019-02-17 03:55:51',1,0,5542),('2019-02-17 03:56:51',1,0,5542),('2019-02-17 03:57:51',1,0,5542),('2019-02-17 03:58:51',1,0,5542),('2019-02-17 03:59:51',1,0,5542),('2019-02-17 04:00:51',1,0,5542),('2019-02-17 04:01:51',1,0,5542),('2019-02-17 04:02:51',1,0,5542),('2019-02-17 04:03:51',1,0,5542),('2019-02-17 04:04:51',1,0,5542),('2019-02-17 04:05:51',1,0,5542),('2019-02-17 04:06:51',1,0,5542),('2019-02-17 04:07:51',1,0,5542),('2019-02-17 04:08:51',1,0,5542),('2019-02-17 04:09:51',1,0,5542),('2019-02-17 04:10:51',1,0,5542),('2019-02-17 04:11:51',1,0,5542),('2019-02-17 04:12:51',1,0,5542),('2019-02-17 04:13:51',1,0,5542),('2019-02-17 04:14:51',1,0,5542),('2019-02-17 04:15:52',1,0,5542),('2019-02-17 04:16:52',1,0,5542),('2019-02-17 04:17:52',1,0,5542),('2019-02-17 04:18:52',1,0,5542),('2019-02-17 04:19:52',1,0,5542),('2019-02-17 04:20:52',1,0,5542),('2019-02-17 04:21:52',1,0,5542),('2019-02-17 04:22:52',1,0,5542),('2019-02-17 04:23:52',1,0,5542),('2019-02-17 04:24:52',1,0,5542),('2019-02-17 04:25:52',1,0,5542),('2019-02-17 04:26:52',1,0,5542),('2019-02-17 04:27:52',1,0,5542),('2019-02-17 04:28:52',1,0,5542),('2019-02-17 04:29:52',1,0,5542),('2019-02-17 04:30:52',1,0,5542),('2019-02-17 04:31:52',1,0,5542),('2019-02-17 04:32:52',1,0,5542),('2019-02-17 04:33:52',1,0,5542),('2019-02-17 04:34:52',1,0,5542),('2019-02-17 04:35:52',1,0,5542),('2019-02-17 04:36:52',1,0,5542),('2019-02-17 04:37:52',1,0,5542),('2019-02-17 04:38:52',1,0,5542),('2019-02-17 04:39:52',1,0,5542),('2019-02-17 04:40:53',1,0,5542),('2019-02-17 04:41:53',1,0,5542),('2019-02-17 04:42:53',1,0,5542),('2019-02-17 04:43:53',1,0,5542),('2019-02-17 04:44:53',1,0,5542),('2019-02-17 04:45:53',1,0,5542),('2019-02-17 04:46:53',1,0,5542),('2019-02-17 04:47:53',1,0,5542),('2019-02-17 04:48:53',1,0,5542),('2019-02-17 04:49:53',1,0,5542),('2019-02-17 04:50:53',1,0,5542),('2019-02-17 04:51:53',1,0,5542),('2019-02-17 04:52:53',1,0,5542),('2019-02-17 04:53:53',1,0,5542),('2019-02-17 04:54:53',1,0,5542),('2019-02-17 04:55:53',1,0,5542),('2019-02-17 04:56:53',1,0,5542),('2019-02-17 04:57:53',1,0,5542),('2019-02-17 04:58:53',1,0,5542),('2019-02-17 04:59:53',1,0,5542),('2019-02-17 05:00:53',1,0,5542),('2019-02-17 05:01:53',1,0,5542),('2019-02-17 05:02:53',1,0,5542),('2019-02-17 05:03:53',1,0,5542),('2019-02-17 05:04:53',1,0,5542),('2019-02-17 05:05:53',1,0,5542),('2019-02-17 05:06:53',1,0,5542),('2019-02-17 05:07:53',1,0,5542),('2019-02-17 05:08:54',1,0,5542),('2019-02-17 05:09:54',1,0,5542),('2019-02-17 05:10:54',1,0,5542),('2019-02-17 05:11:54',1,0,5542),('2019-02-17 05:12:54',1,0,5542),('2019-02-17 05:13:54',1,0,5542),('2019-02-17 05:14:54',1,0,5542),('2019-02-17 05:15:54',1,0,5542),('2019-02-17 05:16:54',1,0,5542),('2019-02-17 05:17:54',1,0,5542),('2019-02-17 05:18:54',1,0,5542),('2019-02-17 05:19:54',1,0,5542),('2019-02-17 05:20:54',1,0,5542),('2019-02-17 05:21:54',1,0,5542),('2019-02-17 05:22:54',1,0,5542),('2019-02-17 05:23:54',1,0,5542),('2019-02-17 05:24:54',1,0,5542),('2019-02-17 05:25:54',1,0,5542),('2019-02-17 05:26:54',1,0,5542),('2019-02-17 05:27:54',1,0,5542),('2019-02-17 05:28:54',1,0,5542),('2019-02-17 05:29:54',1,0,5542),('2019-02-17 05:30:54',1,0,5542),('2019-02-17 05:31:54',1,0,5542),('2019-02-17 05:32:54',1,0,5542),('2019-02-17 05:33:54',1,0,5542),('2019-02-17 05:34:54',1,0,5542),('2019-02-17 05:35:54',1,0,5542),('2019-02-17 05:36:54',1,0,5542),('2019-02-17 05:37:55',1,0,5542),('2019-02-17 05:38:55',1,0,5542),('2019-02-17 05:39:55',1,0,5542),('2019-02-17 05:40:55',1,0,5542),('2019-02-17 05:41:55',1,0,5542),('2019-02-17 05:42:55',1,0,5542),('2019-02-17 05:43:55',1,0,5542),('2019-02-17 05:44:55',1,0,5542),('2019-02-17 05:45:55',1,0,5542),('2019-02-17 05:46:55',1,0,5542),('2019-02-17 05:47:55',1,0,5542),('2019-02-17 05:48:55',1,0,5542),('2019-02-17 05:49:55',1,0,5542),('2019-02-17 05:50:55',1,0,5542),('2019-02-17 05:51:55',1,0,5542),('2019-02-17 05:52:55',1,0,5542),('2019-02-17 05:53:55',1,0,5542),('2019-02-17 05:54:55',1,0,5542),('2019-02-17 05:55:55',1,0,5542),('2019-02-17 05:56:55',1,0,5542),('2019-02-17 05:57:55',1,0,5542),('2019-02-17 05:58:55',1,0,5542),('2019-02-17 05:59:55',1,0,5542),('2019-02-17 06:00:55',1,0,5542),('2019-02-17 06:01:55',1,0,5542),('2019-02-17 06:02:55',1,0,5542),('2019-02-17 06:03:55',1,0,5542),('2019-02-17 06:04:55',1,0,5542),('2019-02-17 06:05:56',1,0,5542),('2019-02-17 06:06:56',1,0,5542),('2019-02-17 06:07:56',1,0,5542),('2019-02-17 06:08:56',1,0,5542),('2019-02-17 06:09:56',1,0,5542),('2019-02-17 06:10:56',1,0,5542),('2019-02-17 06:11:56',1,0,5542),('2019-02-17 06:12:56',1,0,5542),('2019-02-17 06:13:56',1,0,5542),('2019-02-17 06:14:56',1,0,5542),('2019-02-17 06:15:56',1,0,5542),('2019-02-17 06:16:56',1,0,5542),('2019-02-17 06:17:56',1,0,5542),('2019-02-17 06:18:56',1,0,5542),('2019-02-17 06:19:56',1,0,5542),('2019-02-17 06:20:56',1,0,5542),('2019-02-17 06:21:56',1,0,5542),('2019-02-17 06:22:56',1,0,5542),('2019-02-17 06:23:56',1,0,5542),('2019-02-17 06:24:56',1,0,5542),('2019-02-17 06:25:56',1,0,5542),('2019-02-17 06:26:56',1,0,5542),('2019-02-17 06:27:56',1,0,5542),('2019-02-17 06:28:56',1,0,5542),('2019-02-17 06:29:56',1,0,5542),('2019-02-17 06:30:56',1,0,5542),('2019-02-17 06:31:56',1,0,5542),('2019-02-17 06:32:57',1,0,5542),('2019-02-17 06:33:57',1,0,5542),('2019-02-17 06:34:57',1,0,5542),('2019-02-17 06:35:57',1,0,5542),('2019-02-17 06:36:57',1,0,5542),('2019-02-17 06:37:57',1,0,5542),('2019-02-17 06:38:57',1,0,5542),('2019-02-17 06:39:57',1,0,5542),('2019-02-17 06:40:57',1,0,5542),('2019-02-17 06:41:57',1,0,5542),('2019-02-17 06:42:57',1,0,5542),('2019-02-17 06:43:57',1,0,5542),('2019-02-17 06:44:57',1,0,5542),('2019-02-17 06:45:57',1,0,5542),('2019-02-17 06:46:57',1,0,5542),('2019-02-17 06:47:57',1,0,5542),('2019-02-17 06:48:57',1,0,5542),('2019-02-17 06:49:57',1,0,5542),('2019-02-17 06:50:57',1,0,5542),('2019-02-17 06:51:57',1,0,5542),('2019-02-17 06:52:57',1,0,5542),('2019-02-17 06:53:57',1,0,5542),('2019-02-17 06:54:57',1,0,5542),('2019-02-17 06:55:57',1,0,5542),('2019-02-17 06:56:57',1,0,5542),('2019-02-17 06:57:58',1,0,5542),('2019-02-17 06:58:58',1,0,5542),('2019-02-17 06:59:58',1,0,5542),('2019-02-17 07:00:58',1,0,5542),('2019-02-17 07:01:58',1,0,5542),('2019-02-17 07:02:58',1,0,5542),('2019-02-17 07:03:58',1,0,5542),('2019-02-17 07:04:58',1,0,5542),('2019-02-17 07:05:58',1,0,5542),('2019-02-17 07:06:58',1,0,5542),('2019-02-17 07:07:58',1,0,5542),('2019-02-17 07:08:58',1,0,5542),('2019-02-17 07:09:58',1,0,5542),('2019-02-17 07:10:58',1,0,5542),('2019-02-17 07:11:58',1,0,5542),('2019-02-17 07:12:58',1,0,5542),('2019-02-17 07:13:58',1,0,5542),('2019-02-17 07:14:58',1,0,5542),('2019-02-17 07:15:58',1,0,5542),('2019-02-17 07:16:58',1,0,5542),('2019-02-17 07:17:58',1,0,5542),('2019-02-17 07:18:58',1,0,5542),('2019-02-17 07:19:58',1,0,5542),('2019-02-17 07:20:58',1,0,5542),('2019-02-17 07:21:58',1,0,5542),('2019-02-17 07:22:58',1,0,5542),('2019-02-17 07:23:58',1,0,5542),('2019-02-17 07:24:59',1,0,5542),('2019-02-17 07:25:59',1,0,5542),('2019-02-17 07:26:59',1,0,5542),('2019-02-17 07:27:59',1,0,5542),('2019-02-17 07:28:59',1,0,5542),('2019-02-17 07:29:59',1,0,5542),('2019-02-17 07:30:59',1,0,5542),('2019-02-17 07:31:59',1,0,5542),('2019-02-17 07:32:59',1,0,5542),('2019-02-17 07:33:59',1,0,5542),('2019-02-17 07:34:59',1,0,5542),('2019-02-17 07:35:59',1,0,5542),('2019-02-17 07:36:59',1,0,5542),('2019-02-17 07:37:59',1,0,5542),('2019-02-17 07:38:59',1,0,5542),('2019-02-17 07:39:59',1,0,5542),('2019-02-17 07:40:59',1,0,5542),('2019-02-17 07:41:59',1,0,5542),('2019-02-17 07:42:59',1,0,5542),('2019-02-17 07:43:59',1,0,5542),('2019-02-17 07:44:59',1,0,5542),('2019-02-17 07:45:59',1,0,5542),('2019-02-17 07:46:59',1,0,5542),('2019-02-17 07:47:59',1,0,5542),('2019-02-17 07:48:59',1,0,5542),('2019-02-17 07:49:59',1,0,5542),('2019-02-17 07:50:59',1,0,5542),('2019-02-17 07:52:00',1,0,5542),('2019-02-17 07:53:00',1,0,5542),('2019-02-17 07:54:00',1,0,5542),('2019-02-17 07:55:00',1,0,5542),('2019-02-17 07:56:00',1,0,5542),('2019-02-17 07:57:00',1,0,5542),('2019-02-17 07:58:00',1,0,5542),('2019-02-17 07:59:00',1,0,5542),('2019-02-17 08:00:00',1,0,5542),('2019-02-17 08:01:00',1,0,5542),('2019-02-17 08:02:00',1,0,5542),('2019-02-17 08:03:00',1,0,5542),('2019-02-17 08:04:00',1,0,5542),('2019-02-17 08:05:00',1,0,5542),('2019-02-17 08:06:00',1,0,5542),('2019-02-17 08:07:00',1,0,5542),('2019-02-17 08:08:00',1,0,5542),('2019-02-17 08:09:00',1,0,5542),('2019-02-17 08:10:00',1,0,5542),('2019-02-17 08:11:00',1,0,5542),('2019-02-17 08:12:00',1,0,5542),('2019-02-17 08:13:00',1,0,5542),('2019-02-17 08:14:00',1,0,5542),('2019-02-17 08:15:01',1,0,5542),('2019-02-17 08:16:01',1,0,5542),('2019-02-17 08:17:01',1,0,5542),('2019-02-17 08:18:01',1,0,5542),('2019-02-17 08:19:01',1,0,5542),('2019-02-17 08:20:01',1,0,5542),('2019-02-17 08:21:01',1,0,5542),('2019-02-17 08:22:01',1,0,5542),('2019-02-17 08:23:01',1,0,5542),('2019-02-17 08:24:01',1,0,5542),('2019-02-17 08:25:01',1,0,5542),('2019-02-17 08:26:01',1,0,5542),('2019-02-17 08:27:01',1,0,5542),('2019-02-17 08:28:01',1,0,5542),('2019-02-17 08:29:01',1,0,5542),('2019-02-17 08:30:01',1,0,5542),('2019-02-17 08:31:01',1,0,5542),('2019-02-17 08:32:01',1,0,5542),('2019-02-17 08:33:01',1,0,5542),('2019-02-17 08:34:01',1,0,5542),('2019-02-17 08:35:01',1,0,5542),('2019-02-17 08:36:01',1,0,5542),('2019-02-17 08:37:01',1,0,5542),('2019-02-17 08:38:01',1,0,5542),('2019-02-17 08:39:01',1,0,5542),('2019-02-17 08:40:01',1,0,5542),('2019-02-17 08:41:01',1,0,5542),('2019-02-17 08:42:01',1,0,5542),('2019-02-17 08:43:01',1,0,5542),('2019-02-17 08:44:01',1,0,5542),('2019-02-17 08:45:02',1,0,5542),('2019-02-17 08:46:02',1,0,5542),('2019-02-17 08:47:02',1,0,5542),('2019-02-17 08:48:02',1,0,5542),('2019-02-17 08:49:02',1,0,5542),('2019-02-17 08:50:02',1,0,5542),('2019-02-17 08:51:02',1,0,5542),('2019-02-17 08:52:02',1,0,5542),('2019-02-17 08:53:02',1,0,5542),('2019-02-17 08:54:02',1,0,5542),('2019-02-17 08:55:02',1,0,5542),('2019-02-17 08:56:02',1,0,5542),('2019-02-17 08:57:02',1,0,5542),('2019-02-17 08:58:02',1,0,5542),('2019-02-17 08:59:02',1,0,5542),('2019-02-17 09:00:02',1,0,5542),('2019-02-17 09:01:02',1,0,5542),('2019-02-17 09:02:02',1,0,5542),('2019-02-17 09:03:02',1,0,5542),('2019-02-17 09:04:02',1,0,5542),('2019-02-17 09:05:02',1,0,5542),('2019-02-17 09:06:02',1,0,5542),('2019-02-17 09:07:02',1,0,5542),('2019-02-17 09:08:02',1,0,5542),('2019-02-17 09:09:02',1,0,5542),('2019-02-17 09:10:02',1,0,5542),('2019-02-17 09:11:02',1,0,5542),('2019-02-17 09:12:02',1,0,5542),('2019-02-17 09:13:03',1,0,5542),('2019-02-17 09:14:03',1,0,5542),('2019-02-17 09:15:03',1,0,5542),('2019-02-17 09:16:03',1,0,5542),('2019-02-17 09:17:03',1,0,5542),('2019-02-17 09:18:03',1,0,5542),('2019-02-17 09:19:03',1,0,5542),('2019-02-17 09:20:03',1,0,5542),('2019-02-17 09:21:03',1,0,5542),('2019-02-17 09:22:03',1,0,5542),('2019-02-17 09:23:03',1,0,5542),('2019-02-17 09:24:03',1,0,5542),('2019-02-17 09:25:03',1,0,5542),('2019-02-17 09:26:03',1,0,5542),('2019-02-17 09:28:02',1,26,5568),('2019-02-17 09:29:02',1,32,5600),('2019-02-17 09:30:02',1,12,5612),('2019-02-17 09:31:02',1,7,5619),('2019-02-17 09:32:02',1,12,5631),('2019-02-17 09:33:02',1,38,5669),('2019-02-17 09:34:02',1,13,5682),('2019-02-17 09:35:02',1,33,5715),('2019-02-17 09:36:02',1,29,5744),('2019-02-17 09:37:02',1,13,5757),('2019-02-17 09:38:02',1,25,5782),('2019-02-17 09:39:02',1,22,5804),('2019-02-17 09:40:02',1,6,5810),('2019-02-17 09:41:02',1,16,5826),('2019-02-17 09:42:02',1,4,5830),('2019-02-17 09:43:02',1,34,5864),('2019-02-17 09:44:02',1,17,5881),('2019-02-17 09:45:02',1,22,5903),('2019-02-17 09:46:03',1,15,5918),('2019-02-17 09:47:03',1,37,5955),('2019-02-17 09:48:03',1,16,5971),('2019-02-17 09:49:03',1,0,5971),('2019-02-17 09:50:03',1,9,5980),('2019-02-17 09:51:03',1,10,5990),('2019-02-17 09:52:03',1,31,6021),('2019-02-17 09:53:03',1,38,6059),('2019-02-17 09:54:03',1,28,6087),('2019-02-17 09:55:03',1,18,6105),('2019-02-17 09:56:03',1,36,6141),('2019-02-17 09:57:03',1,14,6155),('2019-02-17 09:58:03',1,22,6177),('2019-02-17 09:59:03',1,18,6195),('2019-02-17 10:00:03',1,16,6211),('2019-02-17 10:01:03',1,36,6247),('2019-02-17 10:02:03',1,26,6273),('2019-02-17 10:03:03',1,15,6288),('2019-02-17 10:04:03',1,11,6299),('2019-02-17 10:05:03',1,1,6300),('2019-02-17 10:06:03',1,26,6326),('2019-02-17 10:07:03',1,0,6326),('2019-02-17 10:08:03',1,24,6350),('2019-02-17 10:09:03',1,20,6370),('2019-02-17 10:10:03',1,8,6378),('2019-02-17 10:11:03',1,36,6414),('2019-02-17 10:12:03',1,17,6431),('2019-02-17 10:13:03',1,26,6457),('2019-02-17 10:14:04',1,32,6489),('2019-02-17 10:15:04',1,26,6515),('2019-02-17 10:16:04',1,0,6515),('2019-02-17 10:17:04',1,18,6533),('2019-02-17 10:18:04',1,21,6554),('2019-02-17 10:19:04',1,16,6570),('2019-02-17 10:20:04',1,6,6576),('2019-02-17 10:21:04',1,22,6598),('2019-02-17 10:22:04',1,18,6616),('2019-02-17 10:23:04',1,24,6640),('2019-02-17 10:24:04',1,32,6672),('2019-02-17 10:25:04',1,1,6673),('2019-02-17 10:26:04',1,14,6687),('2019-02-17 10:27:04',1,23,6710),('2019-02-17 10:28:04',1,8,6718),('2019-02-17 10:29:04',1,31,6749),('2019-02-17 10:30:04',1,13,6762),('2019-02-17 10:31:04',1,36,6798),('2019-02-17 10:32:04',1,21,6819),('2019-02-17 10:33:04',1,6,6825),('2019-02-17 10:34:04',1,6,6831),('2019-02-17 10:35:04',1,12,6843),('2019-02-17 10:36:04',1,21,6864),('2019-02-17 10:37:04',1,15,6879),('2019-02-17 10:38:04',1,17,6896),('2019-02-17 10:39:04',1,31,6927),('2019-02-17 10:40:04',1,16,6943),('2019-02-17 10:41:04',1,38,6981),('2019-02-17 10:42:04',1,2,6983),('2019-02-17 10:43:05',1,38,7021),('2019-02-17 10:44:05',1,3,7024),('2019-02-17 10:45:05',1,27,7051),('2019-02-17 10:46:05',1,19,7070),('2019-02-17 10:47:05',1,27,7097),('2019-02-17 10:48:05',1,10,7107),('2019-02-17 10:49:05',1,7,7114),('2019-02-17 10:50:05',1,30,7144),('2019-02-17 10:51:05',1,23,7167),('2019-02-17 10:52:05',1,11,7178),('2019-02-17 10:53:05',1,13,7191),('2019-02-17 10:54:05',1,28,7219),('2019-02-17 10:55:05',1,0,7219),('2019-02-17 10:56:05',1,23,7242),('2019-02-17 10:57:05',1,21,7263),('2019-02-17 10:58:05',1,24,7287),('2019-02-17 10:59:05',1,22,7309),('2019-02-17 11:00:05',1,10,7319),('2019-02-17 11:01:05',1,10,7329),('2019-02-17 11:02:05',1,16,7345),('2019-02-17 11:03:05',1,34,7379),('2019-02-17 11:04:05',1,34,7413),('2019-02-17 11:05:05',1,38,7451),('2019-02-17 11:06:06',1,18,7469),('2019-02-17 11:07:06',1,17,7486),('2019-02-17 11:08:06',1,8,7494),('2019-02-17 11:09:06',1,26,7520),('2019-02-17 11:10:06',1,23,7543),('2019-02-17 11:11:06',1,35,7578),('2019-02-17 11:12:06',1,6,7584),('2019-02-17 11:13:06',1,33,7617),('2019-02-17 11:14:06',1,24,7641),('2019-02-17 11:15:06',1,32,7673),('2019-02-17 11:16:06',1,26,7699),('2019-02-17 11:17:06',1,26,7725),('2019-02-17 11:18:06',1,39,7764),('2019-02-17 11:19:06',1,20,7784),('2019-02-17 11:20:06',1,18,7802),('2019-02-17 11:21:06',1,4,7806),('2019-02-17 11:22:06',1,9,7815),('2019-02-17 11:23:06',1,5,7820),('2019-02-17 11:24:06',1,6,7826),('2019-02-17 11:25:06',1,20,7846),('2019-02-17 11:26:06',1,8,7854),('2019-02-17 11:27:06',1,32,7886),('2019-02-17 11:28:06',1,16,7902),('2019-02-17 11:29:06',1,14,7916),('2019-02-17 11:30:06',1,5,7921),('2019-02-17 11:31:06',1,33,7954),('2019-02-17 11:32:06',1,24,7978),('2019-02-17 11:33:07',1,24,8002),('2019-02-17 11:34:07',1,30,8032),('2019-02-17 11:35:07',1,19,8051),('2019-02-17 11:36:07',1,37,8088),('2019-02-17 11:37:07',1,0,8088),('2019-02-17 11:38:07',1,32,8120),('2019-02-17 11:39:07',1,28,8148),('2019-02-17 11:40:07',1,24,8172),('2019-02-17 11:41:07',1,4,8176),('2019-02-17 11:42:07',1,13,8189),('2019-02-17 11:43:07',1,27,8216),('2019-02-17 11:44:07',1,4,8220),('2019-02-17 11:45:07',1,11,8231),('2019-02-17 11:46:07',1,35,8266),('2019-02-17 11:47:07',1,5,8271),('2019-02-17 11:48:07',1,35,8306),('2019-02-17 11:49:07',1,27,8333),('2019-02-17 11:50:07',1,37,8370),('2019-02-17 11:51:07',1,12,8382),('2019-02-17 11:52:07',1,9,8391),('2019-02-17 11:53:07',1,4,8395),('2019-02-17 11:54:07',1,35,8430),('2019-02-17 11:55:07',1,0,8430),('2019-02-17 11:56:07',1,28,8458),('2019-02-17 11:57:07',1,19,8477),('2019-02-17 11:58:07',1,10,8487),('2019-02-17 11:59:07',1,28,8515),('2019-02-17 12:00:07',1,3,8518),('2019-02-17 12:01:07',1,17,8535),('2019-02-17 12:02:07',1,10,8545),('2019-02-17 12:03:07',1,23,8568),('2019-02-17 12:04:07',1,11,8579),('2019-02-17 12:05:08',1,10,8589),('2019-02-17 12:06:08',1,39,8628),('2019-02-17 12:07:08',1,16,8644),('2019-02-17 12:08:08',1,36,8680),('2019-02-17 12:09:08',1,13,8693),('2019-02-17 12:10:08',1,27,8720),('2019-02-17 12:11:08',1,8,8728),('2019-02-17 12:12:08',1,12,8740),('2019-02-17 12:13:08',1,35,8775),('2019-02-17 12:14:08',1,39,8814),('2019-02-17 12:15:08',1,27,8841),('2019-02-17 12:16:08',1,33,8874),('2019-02-17 12:17:08',1,10,8884),('2019-02-17 12:18:08',1,20,8904),('2019-02-17 12:19:08',1,7,8911),('2019-02-17 12:20:08',1,33,8944),('2019-02-17 12:21:08',1,24,8968),('2019-02-17 12:22:08',1,37,9005),('2019-02-17 12:23:08',1,35,9040),('2019-02-17 12:24:08',1,31,9071),('2019-02-17 12:25:08',1,16,9087),('2019-02-17 12:26:08',1,8,9095),('2019-02-17 12:27:09',1,27,9122),('2019-02-17 12:28:09',1,30,9152),('2019-02-17 12:29:09',1,39,9191),('2019-02-17 12:30:09',1,24,9215),('2019-02-17 12:31:09',1,12,9227),('2019-02-17 12:32:09',1,10,9237),('2019-02-17 12:33:09',1,33,9270),('2019-02-17 12:34:09',1,24,9294),('2019-02-17 12:35:09',1,34,9328),('2019-02-17 12:36:09',1,36,9364),('2019-02-17 12:37:09',1,17,9381),('2019-02-17 12:38:09',1,28,9409),('2019-02-17 12:39:09',1,31,9440),('2019-02-17 12:40:09',1,14,9454),('2019-02-17 12:41:09',1,26,9480),('2019-02-17 12:42:09',1,27,9507),('2019-02-17 12:43:09',1,38,9545),('2019-02-17 12:44:09',1,0,9545),('2019-02-17 12:45:09',1,0,9545),('2019-02-17 12:46:09',1,28,9573),('2019-02-17 12:47:09',1,17,9590),('2019-02-17 12:48:09',1,2,9592),('2019-02-17 12:49:09',1,32,9624),('2019-02-17 12:50:09',1,24,9648),('2019-02-17 12:51:09',1,12,9660),('2019-02-17 12:52:09',1,6,9666),('2019-02-17 12:53:09',1,9,9675),('2019-02-17 12:54:09',1,37,9712),('2019-02-17 12:55:10',1,39,9751),('2019-02-17 12:56:10',1,15,9766),('2019-02-17 12:57:10',1,21,9787),('2019-02-17 12:58:10',1,22,9809),('2019-02-17 12:59:10',1,4,9813),('2019-02-17 13:00:10',1,13,9826),('2019-02-17 13:01:10',1,32,9858),('2019-02-17 13:02:10',1,13,9871),('2019-02-17 13:03:10',1,38,9909),('2019-02-17 13:04:10',1,25,9934),('2019-02-17 13:05:10',1,14,9948),('2019-02-17 13:06:10',1,1,9949),('2019-02-17 13:07:10',1,0,9949),('2019-02-17 13:08:10',1,22,9971),('2019-02-17 13:09:10',1,18,9989),('2019-02-17 13:10:10',1,38,10027),('2019-02-17 13:11:10',1,26,10053),('2019-02-17 13:12:10',1,8,10061),('2019-02-17 13:13:10',1,12,10073),('2019-02-17 13:14:10',1,13,10086),('2019-02-17 13:15:10',1,38,10124),('2019-02-17 13:16:10',1,21,10145),('2019-02-17 13:17:10',1,5,10150),('2019-02-17 13:18:10',1,32,10182),('2019-02-17 13:19:10',1,1,10183),('2019-02-17 13:20:11',1,19,10202),('2019-02-17 13:21:11',1,31,10233),('2019-02-17 13:22:11',1,34,10267),('2019-02-17 13:23:11',1,6,10273),('2019-02-17 13:24:11',1,8,10281),('2019-02-17 13:25:11',1,20,10301),('2019-02-17 13:26:11',1,33,10334),('2019-02-17 13:27:11',1,13,10347),('2019-02-17 13:28:11',1,9,10356),('2019-02-17 13:29:11',1,15,10371),('2019-02-17 13:30:11',1,28,10399),('2019-02-17 13:31:11',1,27,10426),('2019-02-17 13:32:11',1,33,10459),('2019-02-17 13:33:11',1,25,10484),('2019-02-17 13:34:11',1,27,10511),('2019-02-17 13:35:11',1,28,10539),('2019-02-17 13:36:11',1,33,10572),('2019-02-17 13:37:11',1,12,10584),('2019-02-17 13:38:11',1,9,10593),('2019-02-17 13:39:11',1,26,10619),('2019-02-17 13:40:11',1,23,10642),('2019-02-17 13:41:11',1,22,10664),('2019-02-17 13:42:11',1,17,10681),('2019-02-17 13:43:11',1,33,10714),('2019-02-17 13:44:11',1,15,10729),('2019-02-17 13:45:11',1,19,10748),('2019-02-17 13:46:11',1,12,10760),('2019-02-17 13:47:11',1,38,10798),('2019-02-17 13:48:12',1,31,10829),('2019-02-17 13:49:12',1,29,10858),('2019-02-17 13:50:12',1,19,10877),('2019-02-17 13:51:12',1,15,10892),('2019-02-17 13:52:12',1,33,10925),('2019-02-17 13:53:12',1,10,10935),('2019-02-17 13:54:12',1,0,10935),('2019-02-17 13:55:12',1,10,10945),('2019-02-17 13:56:12',1,17,10962),('2019-02-17 13:57:12',1,12,10974),('2019-02-17 13:58:12',1,9,10983),('2019-02-17 13:59:12',1,13,10996),('2019-02-17 14:00:12',1,1,10997),('2019-02-17 14:01:12',1,27,11024),('2019-02-17 14:02:12',1,16,11040),('2019-02-17 14:03:12',1,16,11056),('2019-02-17 14:04:12',1,8,11064),('2019-02-17 14:05:12',1,1,11065),('2019-02-17 14:06:12',1,14,11079),('2019-02-17 14:07:12',1,1,11080),('2019-02-17 14:08:12',1,31,11111),('2019-02-17 14:09:12',1,25,11136),('2019-02-17 14:10:12',1,18,11154),('2019-02-17 14:11:12',1,2,11156),('2019-02-17 14:12:12',1,2,11158),('2019-02-17 14:13:12',1,11,11169),('2019-02-17 14:14:12',1,17,11186),('2019-02-17 14:15:13',1,30,11216),('2019-02-17 14:16:13',1,35,11251),('2019-02-17 14:17:13',1,13,11264),('2019-02-17 14:18:13',1,23,11287),('2019-02-17 14:19:13',1,24,11311),('2019-02-17 14:20:13',1,38,11349),('2019-02-17 14:21:13',1,18,11367),('2019-02-17 14:22:13',1,20,11387),('2019-02-17 14:23:13',1,38,11425),('2019-02-17 14:24:13',1,39,11464),('2019-02-17 14:25:13',1,12,11476),('2019-02-17 14:26:13',1,7,11483),('2019-02-17 14:27:13',1,19,11502),('2019-02-17 14:28:13',1,22,11524),('2019-02-17 14:29:13',1,20,11544),('2019-02-17 14:30:13',1,24,11568),('2019-02-17 14:31:13',1,19,11587),('2019-02-17 14:32:13',1,2,11589),('2019-02-17 14:33:13',1,13,11602),('2019-02-17 14:34:13',1,7,11609),('2019-02-17 14:35:13',1,1,11610),('2019-02-17 14:36:13',1,30,11640),('2019-02-17 14:37:13',1,18,11658),('2019-02-17 14:38:13',1,26,11684),('2019-02-17 14:39:13',1,7,11691),('2019-02-17 14:40:13',1,28,11719),('2019-02-17 14:41:13',1,2,11721),('2019-02-17 14:42:13',1,10,11731),('2019-02-17 14:43:13',1,27,11758),('2019-02-17 14:44:14',1,8,11766),('2019-02-17 14:45:14',1,8,11774),('2019-02-17 14:46:14',1,17,11791),('2019-02-17 14:47:14',1,25,11816),('2019-02-17 14:48:14',1,12,11828),('2019-02-17 14:49:14',1,12,11840),('2019-02-17 14:50:14',1,3,11843),('2019-02-17 14:51:14',1,35,11878),('2019-02-17 14:52:14',1,21,11899),('2019-02-17 14:53:14',1,38,11937),('2019-02-17 14:54:14',1,12,11949),('2019-02-17 14:55:14',1,27,11976),('2019-02-17 14:56:14',1,27,12003),('2019-02-17 14:57:14',1,24,12027),('2019-02-17 14:58:14',1,35,12062),('2019-02-17 14:59:14',1,36,12098),('2019-02-17 15:00:14',1,10,12108),('2019-02-17 15:01:14',1,39,12147),('2019-02-17 15:02:14',1,14,12161),('2019-02-17 15:03:14',1,36,12197),('2019-02-17 15:04:14',1,4,12201),('2019-02-17 15:05:14',1,18,12219),('2019-02-17 15:06:14',1,26,12245),('2019-02-17 15:07:14',1,39,12284),('2019-02-17 15:08:14',1,28,12312),('2019-02-17 15:09:14',1,22,12334),('2019-02-17 15:10:14',1,7,12341),('2019-02-17 15:11:14',1,6,12347),('2019-02-17 15:12:14',1,26,12373),('2019-02-17 15:13:15',1,30,12403),('2019-02-17 15:14:15',1,21,12424),('2019-02-17 15:15:15',1,38,12462),('2019-02-17 15:16:15',1,24,12486),('2019-02-17 15:17:15',1,25,12511),('2019-02-17 15:18:15',1,2,12513),('2019-02-17 15:19:15',1,9,12522),('2019-02-17 15:20:15',1,16,12538),('2019-02-17 15:21:15',1,25,12563),('2019-02-17 15:22:15',1,23,12586),('2019-02-17 15:23:15',1,17,12603),('2019-02-17 15:24:15',1,14,12617),('2019-02-17 15:25:15',1,22,12639),('2019-02-17 15:26:15',1,13,12652),('2019-02-17 15:27:15',1,9,12661),('2019-02-17 15:28:15',1,32,12693),('2019-02-17 15:29:15',1,22,12715),('2019-02-17 15:30:15',1,38,12753),('2019-02-17 15:31:15',1,7,12760),('2019-02-17 15:32:15',1,31,12791),('2019-02-17 15:33:15',1,12,12803),('2019-02-17 15:34:15',1,8,12811),('2019-02-17 15:35:15',1,22,12833),('2019-02-17 15:36:15',1,9,12842),('2019-02-17 15:37:15',1,29,12871),('2019-02-17 15:38:16',1,14,12885),('2019-02-17 15:39:16',1,34,12919),('2019-02-17 15:40:16',1,26,12945),('2019-02-17 15:41:16',1,35,12980),('2019-02-17 15:42:16',1,10,12990),('2019-02-17 15:43:16',1,22,13012),('2019-02-17 15:44:16',1,37,13049),('2019-02-17 15:45:16',1,20,13069),('2019-02-17 15:46:16',1,32,13101),('2019-02-17 15:47:16',1,33,13134),('2019-02-17 15:48:16',1,23,13157),('2019-02-17 15:49:16',1,7,13164),('2019-02-17 15:50:16',1,35,13199),('2019-02-17 15:51:16',1,20,13219),('2019-02-17 15:52:16',1,0,13219),('2019-02-17 15:53:16',1,10,13229),('2019-02-17 15:54:16',1,4,13233),('2019-02-17 15:55:16',1,14,13247),('2019-02-17 15:56:16',1,7,13254),('2019-02-17 15:57:16',1,21,13275),('2019-02-17 15:58:16',1,1,13276),('2019-02-17 15:59:16',1,3,13279),('2019-02-17 16:00:16',1,17,13296),('2019-02-17 16:01:16',1,0,13296),('2019-02-17 16:02:16',1,11,13307),('2019-02-17 16:03:16',1,5,13312),('2019-02-17 16:04:16',1,4,13316),('2019-02-17 16:05:16',1,7,13323),('2019-02-17 16:06:16',1,28,13351),('2019-02-17 16:07:16',1,10,13361),('2019-02-17 16:08:17',1,31,13392),('2019-02-17 16:09:17',1,37,13429),('2019-02-17 16:10:17',1,2,13431),('2019-02-17 16:11:17',1,36,13467),('2019-02-17 16:12:17',1,33,13500),('2019-02-17 16:13:17',1,35,13535),('2019-02-17 16:14:17',1,34,13569),('2019-02-17 16:15:17',1,8,13577),('2019-02-17 16:16:17',1,17,13594),('2019-02-17 16:17:17',1,6,13600),('2019-02-17 16:18:17',1,20,13620),('2019-02-17 16:19:17',1,15,13635),('2019-02-17 16:20:17',1,19,13654),('2019-02-17 16:21:17',1,23,13677),('2019-02-17 16:22:17',1,8,13685),('2019-02-17 16:23:17',1,22,13707),('2019-02-17 16:24:17',1,30,13737),('2019-02-17 16:25:17',1,1,13738),('2019-02-17 16:26:17',1,25,13763),('2019-02-17 16:27:17',1,13,13776),('2019-02-17 16:28:17',1,14,13790),('2019-02-17 16:29:17',1,19,13809),('2019-02-17 16:30:17',1,10,13819),('2019-02-17 16:31:17',1,4,13823),('2019-02-17 16:32:17',1,7,13830),('2019-02-17 16:33:17',1,0,13830),('2019-02-17 16:34:17',1,8,13838),('2019-02-17 16:35:17',1,28,13866),('2019-02-17 16:36:17',1,5,13871),('2019-02-17 16:37:18',1,27,13898),('2019-02-17 16:38:18',1,18,13916),('2019-02-17 16:41:08',1,10,13926),('2019-02-17 16:42:08',1,14,13940),('2019-02-17 16:43:08',1,9,13949),('2019-02-17 16:44:08',1,2,13951),('2019-02-17 16:45:08',1,6,13957),('2019-02-17 16:46:08',1,7,13964),('2019-02-17 16:47:08',1,3,13967),('2019-02-17 16:48:08',1,14,13981),('2019-02-17 16:49:08',1,6,13987),('2019-02-17 16:50:08',1,6,13993),('2019-02-17 16:51:08',1,11,14004),('2019-02-17 16:52:08',1,0,14004),('2019-02-17 16:53:08',1,11,14015),('2019-02-17 16:54:08',1,4,14019),('2019-02-17 16:55:08',1,4,14023),('2019-02-17 16:56:08',1,2,14025),('2019-02-17 16:57:08',1,12,14037),('2019-02-17 16:58:08',1,13,14050),('2019-02-17 16:59:08',1,11,14061),('2019-02-17 17:00:08',1,4,14065),('2019-02-17 17:01:09',1,5,14070),('2019-02-17 17:02:09',1,12,14082),('2019-02-17 17:03:09',1,14,14096),('2019-02-17 17:04:09',1,14,14110),('2019-02-17 17:05:09',1,8,14118),('2019-02-17 17:06:09',1,13,14131),('2019-02-17 17:07:09',1,7,14138),('2019-02-17 17:08:09',1,14,14152),('2019-02-17 17:09:09',1,13,14165),('2019-02-17 17:10:09',1,11,14176),('2019-02-17 17:11:09',1,1,14177),('2019-02-17 17:12:09',1,5,14182),('2019-02-17 17:13:09',1,13,14195),('2019-02-17 17:14:09',1,12,14207),('2019-02-17 17:15:09',1,9,14216),('2019-02-17 17:16:09',1,7,14223),('2019-02-17 17:17:09',1,1,14224),('2019-02-17 17:18:09',1,7,14231),('2019-02-17 17:19:09',1,3,14234),('2019-02-17 17:20:09',1,7,14241),('2019-02-17 17:21:09',1,14,14255),('2019-02-17 17:22:09',1,9,14264),('2019-02-17 17:23:09',1,5,14269),('2019-02-17 17:24:09',1,13,14282),('2019-02-17 17:25:09',1,2,14284),('2019-02-17 17:26:09',1,3,14287),('2019-02-17 17:27:09',1,0,14287),('2019-02-17 17:28:10',1,10,14297),('2019-02-17 17:29:10',1,3,14300),('2019-02-17 17:30:10',1,6,14306),('2019-02-17 17:31:10',1,13,14319),('2019-02-17 17:32:10',1,11,14330),('2019-02-17 17:33:10',1,1,14331),('2019-02-17 17:34:10',1,10,14341),('2019-02-17 17:35:10',1,0,14341),('2019-02-17 17:36:10',1,0,14341),('2019-02-17 17:37:10',1,2,14343),('2019-02-17 17:38:10',1,0,14343),('2019-02-17 17:39:10',1,9,14352),('2019-02-17 17:40:10',1,12,14364),('2019-02-17 17:41:10',1,1,14365),('2019-02-17 17:42:10',1,13,14378),('2019-02-17 17:43:10',1,11,14389),('2019-02-17 17:44:10',1,2,14391),('2019-02-17 17:45:10',1,8,14399),('2019-02-17 17:46:10',1,0,14399),('2019-02-17 17:47:10',1,14,14413),('2019-02-17 17:48:10',1,13,14426),('2019-02-17 17:49:10',1,4,14430),('2019-02-17 17:50:10',1,10,14440),('2019-02-17 17:51:10',1,9,14449),('2019-02-17 17:52:10',1,2,14451),('2019-02-17 17:53:10',1,7,14458),('2019-02-17 17:54:10',1,0,14458),('2019-02-17 17:55:11',1,14,14472),('2019-02-17 17:56:11',1,1,14473),('2019-02-17 17:57:11',1,5,14478),('2019-02-17 17:58:11',1,12,14490),('2019-02-17 17:59:11',1,7,14497),('2019-02-17 18:00:11',1,10,14507),('2019-02-17 18:01:11',1,12,14519),('2019-02-17 18:02:11',1,14,14533),('2019-02-17 18:03:11',1,8,14541),('2019-02-17 18:04:11',1,11,14552),('2019-02-17 18:05:11',1,1,14553),('2019-02-17 18:06:11',1,10,14563),('2019-02-17 18:07:11',1,14,14577),('2019-02-17 18:08:11',1,10,14587),('2019-02-17 18:09:11',1,0,14587),('2019-02-17 18:10:11',1,5,14592),('2019-02-17 18:11:11',1,3,14595),('2019-02-17 18:12:11',1,4,14599),('2019-02-17 18:13:11',1,8,14607),('2019-02-17 18:14:11',1,6,14613),('2019-02-17 18:15:11',1,3,14616),('2019-02-17 18:16:11',1,0,14616),('2019-02-17 18:17:11',1,4,14620),('2019-02-17 18:18:11',1,3,14623),('2019-02-17 18:19:11',1,10,14633),('2019-02-17 18:20:11',1,3,14636),('2019-02-17 18:21:12',1,1,14637),('2019-02-17 18:22:12',1,5,14642),('2019-02-17 18:23:12',1,10,14652),('2019-02-17 18:24:12',1,0,14652),('2019-02-17 18:25:12',1,9,14661),('2019-02-17 18:26:25',1,12,13928),('2019-02-17 18:27:25',1,9,13937),('2019-02-17 18:28:25',1,24,13961),('2019-02-17 18:29:25',1,11,13972),('2019-02-17 18:30:25',1,47,14019),('2019-02-17 18:31:25',1,27,14046),('2019-02-17 18:32:25',1,48,14094),('2019-02-17 18:33:25',1,29,14123),('2019-02-17 18:34:25',1,11,14134),('2019-02-17 18:35:26',1,19,14153),('2019-02-17 18:36:26',1,6,14159),('2019-02-17 18:37:26',1,12,14171),('2019-02-17 18:38:26',1,5,14176),('2019-02-17 18:39:26',1,43,14219),('2019-02-17 18:40:26',1,7,14226),('2019-02-17 18:41:26',1,4,14230),('2019-02-17 18:42:26',1,24,14254),('2019-02-17 18:43:26',1,14,14268),('2019-02-17 18:44:26',1,33,14301),('2019-02-17 18:45:26',1,19,14320),('2019-02-17 18:46:26',1,14,14334),('2019-02-17 18:47:26',1,16,14350),('2019-02-17 18:48:26',1,38,14388),('2019-02-17 18:49:26',1,43,14431),('2019-02-17 18:50:26',1,10,14441),('2019-02-17 18:51:26',1,24,14465),('2019-02-17 18:52:26',1,45,14510),('2019-02-17 18:53:26',1,8,14518),('2019-02-17 18:54:26',1,39,14557),('2019-02-17 18:55:26',1,45,14602),('2019-02-17 18:56:26',1,0,14602),('2019-02-17 18:57:26',1,15,14617),('2019-02-17 18:58:26',1,43,14660),('2019-02-17 18:59:26',1,27,14687),('2019-02-17 19:00:26',1,29,14716),('2019-02-17 19:01:26',1,48,14764),('2019-02-17 19:02:26',1,0,14764),('2019-02-17 19:03:27',1,48,14812),('2019-02-17 19:04:27',1,18,14830),('2019-02-17 19:05:27',1,34,14864),('2019-02-17 19:06:27',1,7,14871),('2019-02-17 19:07:27',1,32,14903),('2019-02-17 19:08:27',1,19,14922),('2019-02-17 19:09:27',1,31,14953),('2019-02-17 19:10:27',1,48,15001),('2019-02-17 19:11:27',1,46,15047),('2019-02-17 19:12:27',1,3,15050),('2019-02-17 19:13:27',1,24,15074),('2019-02-17 19:14:27',1,28,15102),('2019-02-17 19:15:27',1,30,15132),('2019-02-17 19:16:27',1,13,15145),('2019-02-17 19:17:27',1,48,15193),('2019-02-17 19:18:27',1,0,15193),('2019-02-17 19:19:27',1,40,15233),('2019-02-17 19:20:27',1,34,15267),('2019-02-17 19:21:27',1,16,15283),('2019-02-17 19:22:27',1,38,15321),('2019-02-17 19:23:27',1,18,15339),('2019-02-17 19:24:27',1,33,15372),('2019-02-17 19:25:27',1,12,15384),('2019-02-17 19:26:27',1,43,15427),('2019-02-17 19:27:27',1,3,15430),('2019-02-17 19:28:27',1,13,15443),('2019-02-17 19:29:27',1,5,15448),('2019-02-17 19:30:27',1,29,15477),('2019-02-17 19:31:27',1,12,15489),('2019-02-17 19:32:28',1,18,15507),('2019-02-17 19:33:28',1,23,15530),('2019-02-17 19:34:28',1,0,15530),('2019-02-17 19:35:28',1,21,15551),('2019-02-17 19:36:28',1,46,15597),('2019-02-17 19:37:28',1,20,15617),('2019-02-17 19:38:28',1,40,15657),('2019-02-17 19:39:28',1,12,15669),('2019-02-17 19:40:28',1,5,15674),('2019-02-17 19:41:28',1,17,15691),('2019-02-17 19:42:28',1,17,15708),('2019-02-17 19:43:28',1,8,15716),('2019-02-17 19:44:28',1,15,15731),('2019-02-17 19:45:28',1,26,15757),('2019-02-17 19:46:28',1,38,15795),('2019-02-17 19:47:28',1,25,15820),('2019-02-17 19:48:28',1,44,15864),('2019-02-17 19:49:28',1,37,15901),('2019-02-17 19:50:28',1,24,15925),('2019-02-17 19:51:28',1,36,15961),('2019-02-17 19:52:28',1,6,15967),('2019-02-17 19:53:28',1,30,15997),('2019-02-17 19:54:28',1,26,16023),('2019-02-17 19:55:28',1,46,16069),('2019-02-17 19:56:28',1,14,16083),('2019-02-17 19:57:29',1,45,16128),('2019-02-17 19:58:29',1,46,16174),('2019-02-17 19:59:29',1,0,16174),('2019-02-17 20:00:29',1,27,16201),('2019-02-17 20:01:29',1,41,16242),('2019-02-17 20:02:29',1,41,16283),('2019-02-17 20:03:29',1,16,16299),('2019-02-17 20:04:29',1,43,16342),('2019-02-17 20:05:29',1,20,16362),('2019-02-17 20:06:29',1,15,16377),('2019-02-17 20:07:29',1,5,16382),('2019-02-17 20:08:29',1,33,16415),('2019-02-17 20:09:29',1,39,16454),('2019-02-17 20:10:29',1,38,16492),('2019-02-17 20:11:29',1,49,16541),('2019-02-17 20:12:29',1,48,16589),('2019-02-17 20:13:29',1,35,16624),('2019-02-17 20:14:29',1,10,16634),('2019-02-17 20:15:29',1,26,16660),('2019-02-17 20:16:29',1,30,16690),('2019-02-17 20:17:29',1,16,16706),('2019-02-17 20:18:29',1,44,16750),('2019-02-17 20:19:29',1,48,16798),('2019-02-17 20:20:29',1,18,16816),('2019-02-17 20:21:29',1,36,16852),('2019-02-17 20:22:29',1,16,16868),('2019-02-17 20:23:29',1,31,16899),('2019-02-17 20:24:29',1,45,16944),('2019-02-17 20:25:29',1,13,16957),('2019-02-17 20:26:29',1,20,16977),('2019-02-17 20:27:29',1,20,16997),('2019-02-17 20:28:29',1,31,17028),('2019-02-17 20:29:29',1,21,17049),('2019-02-17 20:30:29',1,6,17055),('2019-02-17 20:31:30',1,8,17063),('2019-02-17 20:32:30',1,28,17091),('2019-02-17 20:33:30',1,46,17137),('2019-02-17 20:34:30',1,25,17162),('2019-02-17 20:35:30',1,15,17177),('2019-02-17 20:36:30',1,21,17198),('2019-02-17 20:37:30',1,8,17206),('2019-02-17 20:38:30',1,30,17236),('2019-02-17 20:39:30',1,14,17250),('2019-02-17 20:40:30',1,11,17261),('2019-02-17 20:41:30',1,20,17281),('2019-02-17 20:42:30',1,12,17293),('2019-02-17 20:43:30',1,5,17298),('2019-02-17 20:44:30',1,6,17304),('2019-02-17 20:45:30',1,0,17304),('2019-02-17 20:46:30',1,8,17312),('2019-02-17 20:47:30',1,7,17319),('2019-02-17 20:48:30',1,9,17328),('2019-02-17 20:49:30',1,32,17360),('2019-02-17 20:50:30',1,20,17380),('2019-02-17 20:51:30',1,15,17395),('2019-02-17 20:52:30',1,8,17403),('2019-02-17 20:53:30',1,30,17433),('2019-02-17 20:54:30',1,24,17457),('2019-02-17 20:55:30',1,27,17484),('2019-02-17 20:56:30',1,19,17503),('2019-02-17 20:57:31',1,27,17530),('2019-02-17 20:58:31',1,24,17554),('2019-02-17 20:59:31',1,16,17570),('2019-02-17 21:00:31',1,30,17600),('2019-02-17 21:01:31',1,29,17629),('2019-02-17 21:02:31',1,24,17653),('2019-02-17 21:03:31',1,48,17701),('2019-02-17 21:04:31',1,34,17735),('2019-02-17 21:05:31',1,32,17767),('2019-02-17 21:06:31',1,9,17776),('2019-02-17 21:07:31',1,8,17784),('2019-02-17 21:08:31',1,9,17793),('2019-02-17 21:09:31',1,41,17834),('2019-02-17 21:10:31',1,14,17848),('2019-02-17 21:11:31',1,41,17889),('2019-02-17 21:12:31',1,48,17937),('2019-02-17 21:13:31',1,9,17946),('2019-02-17 21:14:31',1,23,17969),('2019-02-17 21:15:31',1,2,17971),('2019-02-17 21:16:31',1,18,17989),('2019-02-17 21:17:31',1,42,18031),('2019-02-17 21:18:31',1,3,18034),('2019-02-17 21:19:31',1,7,18041),('2019-02-17 21:20:31',1,16,18057),('2019-02-17 21:21:32',1,33,18090),('2019-02-17 21:22:32',1,45,18135),('2019-02-17 21:23:32',1,48,18183),('2019-02-17 21:24:32',1,34,18217),('2019-02-17 21:25:32',1,24,18241),('2019-02-17 21:26:32',1,11,18252),('2019-02-17 21:27:32',1,46,18298),('2019-02-17 21:28:32',1,15,18313),('2019-02-17 21:29:32',1,15,18328),('2019-02-17 21:30:32',1,6,18334),('2019-02-17 21:31:32',1,34,18368),('2019-02-17 21:32:32',1,35,18403),('2019-02-17 21:33:32',1,20,18423),('2019-02-17 21:34:32',1,8,18431),('2019-02-17 21:35:32',1,47,18478),('2019-02-17 21:36:32',1,2,18480),('2019-02-17 21:37:32',1,49,18529),('2019-02-17 21:38:32',1,8,18537),('2019-02-17 21:39:32',1,20,18557),('2019-02-17 21:40:32',1,33,18590),('2019-02-17 21:41:32',1,11,18601),('2019-02-17 21:42:32',1,18,18619),('2019-02-17 21:43:32',1,5,18624),('2019-02-17 21:44:32',1,30,18654),('2019-02-17 21:45:32',1,32,18686),('2019-02-17 21:46:32',1,13,18699),('2019-02-17 21:47:32',1,15,18714),('2019-02-17 21:48:32',1,10,18724),('2019-02-17 21:49:33',1,42,18766),('2019-02-17 21:50:33',1,29,18795),('2019-02-17 21:51:33',1,29,18824),('2019-02-17 21:52:33',1,32,18856),('2019-02-17 21:53:33',1,21,18877),('2019-02-17 21:54:33',1,11,18888),('2019-02-17 21:55:33',1,31,18919),('2019-02-17 21:56:33',1,40,18959),('2019-02-17 21:57:33',1,39,18998),('2019-02-17 21:58:33',1,23,19021),('2019-02-17 21:59:33',1,29,19050),('2019-02-17 22:00:33',1,20,19070),('2019-02-17 22:01:33',1,6,19076),('2019-02-17 22:02:33',1,18,19094),('2019-02-17 22:03:33',1,0,19094),('2019-02-17 22:04:33',1,34,19128),('2019-02-17 22:05:33',1,0,19128),('2019-02-17 22:07:32',1,0,19128),('2019-02-17 22:08:32',1,0,19128),('2019-02-17 22:09:32',1,0,19128),('2019-02-17 22:10:32',1,0,19128),('2019-02-17 22:11:32',1,0,19128),('2019-02-17 22:12:32',1,0,19128),('2019-02-17 22:13:32',1,0,19128),('2019-02-17 22:14:32',1,0,19128),('2019-02-17 22:15:33',1,0,19128),('2019-02-17 22:16:33',1,0,19128),('2019-02-17 22:17:33',1,0,19128),('2019-02-17 22:18:33',1,0,19128),('2019-02-17 22:19:33',1,0,19128),('2019-02-17 22:20:33',1,0,19128),('2019-02-17 22:21:33',1,0,19128),('2019-02-17 22:22:33',1,0,19128),('2019-02-17 22:23:33',1,0,19128),('2019-02-17 22:24:33',1,0,19128),('2019-02-17 22:25:33',1,0,19128),('2019-02-17 22:26:33',1,0,19128),('2019-02-17 22:27:33',1,0,19128),('2019-02-17 22:28:33',1,0,19128),('2019-02-17 22:29:33',1,0,19128),('2019-02-17 22:30:33',1,0,19128),('2019-02-17 22:31:33',1,0,19128),('2019-02-17 22:32:33',1,0,19128),('2019-02-17 22:33:33',1,0,19128),('2019-02-17 22:34:33',1,0,19128),('2019-02-17 22:35:33',1,0,19128),('2019-02-17 22:36:33',1,0,19128),('2019-02-17 22:37:33',1,0,19128),('2019-02-17 22:38:33',1,0,19128),('2019-02-17 22:39:33',1,0,19128),('2019-02-17 22:40:33',1,0,19128),('2019-02-17 22:41:33',1,0,19128),('2019-02-17 22:42:33',1,0,19128),('2019-02-17 22:43:33',1,0,19128),('2019-02-17 22:44:34',1,0,19128),('2019-02-17 22:45:34',1,0,19128),('2019-02-17 22:46:34',1,0,19128),('2019-02-17 22:47:34',1,0,19128),('2019-02-17 22:48:34',1,0,19128),('2019-02-17 22:49:34',1,0,19128),('2019-02-17 22:50:34',1,0,19128),('2019-02-17 22:51:34',1,0,19128),('2019-02-17 22:52:34',1,0,19128),('2019-02-17 22:53:34',1,0,19128),('2019-02-17 22:54:34',1,0,19128),('2019-02-17 22:55:34',1,0,19128),('2019-02-17 22:56:34',1,0,19128),('2019-02-17 22:57:34',1,0,19128),('2019-02-17 22:58:34',1,0,19128),('2019-02-17 22:59:34',1,0,19128),('2019-02-17 23:00:34',1,0,19128),('2019-02-17 23:01:34',1,0,19128),('2019-02-17 23:02:34',1,0,19128),('2019-02-17 23:03:34',1,0,19128),('2019-02-17 23:04:34',1,0,19128),('2019-02-17 23:05:34',1,0,19128),('2019-02-17 23:06:34',1,0,19128),('2019-02-17 23:07:34',1,0,19128),('2019-02-17 23:08:34',1,0,19128),('2019-02-17 23:09:34',1,0,19128),('2019-02-17 23:10:34',1,0,19128),('2019-02-17 23:11:34',1,0,19128),('2019-02-17 23:12:34',1,0,19128),('2019-02-17 23:13:35',1,0,19128),('2019-02-17 23:14:35',1,0,19128),('2019-02-17 23:15:35',1,0,19128),('2019-02-17 23:16:35',1,0,19128),('2019-02-17 23:17:35',1,0,19128),('2019-02-17 23:18:35',1,0,19128),('2019-02-17 23:19:35',1,0,19128),('2019-02-17 23:20:35',1,0,19128),('2019-02-17 23:21:35',1,0,19128),('2019-02-17 23:22:35',1,0,19128),('2019-02-17 23:23:35',1,0,19128),('2019-02-17 23:24:35',1,0,19128),('2019-02-17 23:25:35',1,0,19128),('2019-02-17 23:26:35',1,0,19128),('2019-02-17 23:27:35',1,0,19128),('2019-02-17 23:28:35',1,0,19128),('2019-02-17 23:29:35',1,0,19128),('2019-02-17 23:30:35',1,0,19128),('2019-02-17 23:31:35',1,0,19128),('2019-02-17 23:32:35',1,0,19128),('2019-02-17 23:33:35',1,0,19128),('2019-02-17 23:34:35',1,0,19128),('2019-02-17 23:35:35',1,0,19128),('2019-02-17 23:36:35',1,0,19128),('2019-02-17 23:37:35',1,0,19128),('2019-02-17 23:38:35',1,0,19128),('2019-02-17 23:39:36',1,0,19128),('2019-02-17 23:40:36',1,0,19128),('2019-02-17 23:41:36',1,0,19128),('2019-02-17 23:42:36',1,0,19128),('2019-02-17 23:43:36',1,0,19128),('2019-02-17 23:44:36',1,0,19128),('2019-02-17 23:45:36',1,0,19128),('2019-02-17 23:46:36',1,0,19128),('2019-02-17 23:47:36',1,0,19128),('2019-02-17 23:48:36',1,0,19128),('2019-02-17 23:49:36',1,0,19128),('2019-02-17 23:50:36',1,0,19128),('2019-02-17 23:51:36',1,0,19128),('2019-02-17 23:52:36',1,0,19128),('2019-02-17 23:53:36',1,0,19128),('2019-02-17 23:54:36',1,0,19128),('2019-02-17 23:55:36',1,0,19128),('2019-02-17 23:56:36',1,0,19128),('2019-02-17 23:57:36',1,0,19128),('2019-02-17 23:58:36',1,0,19128),('2019-02-17 23:59:36',1,0,19128),('2019-02-18 00:00:36',1,0,19128),('2019-02-18 00:01:36',1,0,19128),('2019-02-18 00:02:36',1,0,19128),('2019-02-18 00:03:36',1,0,19128),('2019-02-18 00:04:37',1,0,19128),('2019-02-18 00:05:37',1,0,19128),('2019-02-18 00:06:37',1,0,19128),('2019-02-18 00:07:37',1,0,19128),('2019-02-18 00:08:37',1,0,19128),('2019-02-18 00:09:37',1,0,19128),('2019-02-18 00:10:37',1,0,19128),('2019-02-18 00:11:37',1,0,19128),('2019-02-18 00:12:37',1,0,19128),(NULL,17,25,25),('2019-03-04 17:53:44',17,25,50);
/*!40000 ALTER TABLE `data` ENABLE KEYS */;
UNLOCK TABLES;
/*!50003 SET @saved_cs_client      = @@character_set_client */ ;
/*!50003 SET @saved_cs_results     = @@character_set_results */ ;
/*!50003 SET @saved_col_connection = @@collation_connection */ ;
/*!50003 SET character_set_client  = utf8 */ ;
/*!50003 SET character_set_results = utf8 */ ;
/*!50003 SET collation_connection  = utf8_general_ci */ ;
/*!50003 SET @saved_sql_mode       = @@sql_mode */ ;
/*!50003 SET sql_mode              = 'ONLY_FULL_GROUP_BY,STRICT_TRANS_TABLES,NO_ZERO_IN_DATE,NO_ZERO_DATE,ERROR_FOR_DIVISION_BY_ZERO,NO_ENGINE_SUBSTITUTION' */ ;
DELIMITER ;;
/*!50003 CREATE*/ /*!50017 DEFINER=`pedometer`@`localhost`*/ /*!50003 trigger totalSteps before insert on data
for each row set @steps=@steps+NEW.thisSessionSteps */;;
DELIMITER ;
/*!50003 SET sql_mode              = @saved_sql_mode */ ;
/*!50003 SET character_set_client  = @saved_cs_client */ ;
/*!50003 SET character_set_results = @saved_cs_results */ ;
/*!50003 SET collation_connection  = @saved_col_connection */ ;

--
-- Table structure for table `tokens`
--

DROP TABLE IF EXISTS `tokens`;
/*!40101 SET @saved_cs_client     = @@character_set_client */;
/*!40101 SET character_set_client = utf8 */;
CREATE TABLE `tokens` (
  `id` int(11) DEFAULT NULL,
  `token` varchar(22) DEFAULT NULL,
  UNIQUE KEY `id` (`id`),
  CONSTRAINT `tokens_ibfk_1` FOREIGN KEY (`id`) REFERENCES `users` (`id`)
) ENGINE=InnoDB DEFAULT CHARSET=latin1;
/*!40101 SET character_set_client = @saved_cs_client */;

--
-- Dumping data for table `tokens`
--

LOCK TABLES `tokens` WRITE;
/*!40000 ALTER TABLE `tokens` DISABLE KEYS */;
INSERT INTO `tokens` VALUES (1,'2afLyddm7jP3xV9vv5vJbo'),(17,'10y1bS3rc2mvmWKNKMyGe7'),(19,''),(25,'1Rl3ob6ydr8eTrPzzAUAEG');
/*!40000 ALTER TABLE `tokens` ENABLE KEYS */;
UNLOCK TABLES;

--
-- Table structure for table `users`
--

DROP TABLE IF EXISTS `users`;
/*!40101 SET @saved_cs_client     = @@character_set_client */;
/*!40101 SET character_set_client = utf8 */;
CREATE TABLE `users` (
  `id` int(11) NOT NULL AUTO_INCREMENT,
  `username` varchar(15) DEFAULT NULL,
  `password` varchar(20) DEFAULT NULL,
  `arduinoid` varchar(20) DEFAULT NULL,
  PRIMARY KEY (`id`),
  UNIQUE KEY `id` (`id`),
  UNIQUE KEY `id_2` (`id`),
  UNIQUE KEY `id_3` (`id`),
  UNIQUE KEY `arduinoid` (`arduinoid`),
  UNIQUE KEY `username` (`username`)
) ENGINE=InnoDB AUTO_INCREMENT=26 DEFAULT CHARSET=latin1;
/*!40101 SET character_set_client = @saved_cs_client */;

--
-- Dumping data for table `users`
--

LOCK TABLES `users` WRITE;
/*!40000 ALTER TABLE `users` DISABLE KEYS */;
INSERT INTO `users` VALUES (1,'karfa','lol','fdsf544465'),(17,'shulhao','secret','arduino123'),(19,'test','test','id'),(25,'testa','test','[object Object]');
/*!40000 ALTER TABLE `users` ENABLE KEYS */;
UNLOCK TABLES;
/*!40103 SET TIME_ZONE=@OLD_TIME_ZONE */;

/*!40101 SET SQL_MODE=@OLD_SQL_MODE */;
/*!40014 SET FOREIGN_KEY_CHECKS=@OLD_FOREIGN_KEY_CHECKS */;
/*!40014 SET UNIQUE_CHECKS=@OLD_UNIQUE_CHECKS */;
/*!40101 SET CHARACTER_SET_CLIENT=@OLD_CHARACTER_SET_CLIENT */;
/*!40101 SET CHARACTER_SET_RESULTS=@OLD_CHARACTER_SET_RESULTS */;
/*!40101 SET COLLATION_CONNECTION=@OLD_COLLATION_CONNECTION */;
/*!40111 SET SQL_NOTES=@OLD_SQL_NOTES */;

-- Dump completed on 2019-03-05  8:57:25
